{
  "familia": "dixon_coles",
  "rho": -0.017068430682207925,
  "metricas": {
    "mae_casa": 1.0456756705666637,
    "mae_visitante": 0.8814239318024497,
    "log_loss": 0.8693682260456136,
    "brier": 0.5109665392347301,
    "acuracia": 0.6038543897216274
  }
}